mid,lower,upper
0.75714,0.7365,0.785
0.149505,0.1275,0.1755
0.085585,0.0660000000000001,0.1125
0.101185,0.0830000000000001,0.125
0.25831,0.237,0.2835
0.08671,0.0645,0.113
