mid,lower,upper
0.165565,0.137,0.209
0.470825,0.4435,0.5085
0.216765,0.189,0.2535
0.21704,0.1915,0.25
0.48952,0.462,0.5215
0.09121,0.0690000000000001,0.128
