mid,lower,upper
0.564425,0.5315,0.5905
0.36806,0.342,0.402
0.207945,0.1825,0.2445
0.188035,0.155,0.2335
0.264375,0.232,0.3125
0.101005,0.0695,0.138
